{"main": {"n": [50, 55, 60, 65, 70, 75, 80], "g2": [0.99, 1.06, 1.06, 1.0, 0.79, 0.47, 0.4], "err": [0.08, 0.04, 0.05, 0.05, 0.07, 0.03, 0.03]}, "model": {"n": [39.0, 41.0, 43.0, 45.0, 47.0, 49.0, 51.0, 53.0, 55.0, 57.0, 59.0, 61.0, 63.0, 65.0, 67.0, 69.0, 71.0, 73.0, 75.0, 77.0, 79.0, 81.0, 83.0, 85.0, 87.0, 89.0, 91.0, 93.0, 95.0], "g2": [1.00009614, 1.00008729, 1.00005644, 1.00005935, 1.00001164, 0.9999092, 0.99969418, 0.99925722, 0.99839325, 0.99673056, 0.99362734, 0.98802435, 0.97822499, 0.96170069, 0.93496881, 0.89382102, 0.83410627, 0.75397156, 0.65647904, 0.55181623, 0.45590149, 0.38302934, 0.33647714, 0.30653932, 0.28171421, 0.25520625, 0.22953074, 0.20719777, 0.18636126]}, "inset": {"n": [50, 55, 60, 65, 70, 75, 80], "ab": [0.61, 0.46, 0.46, 0.28, 0.32, 0.14, 0.17], "err_ab": [0.13, 0.08, 0.04, 0.06, 0.04, 0.03, 0.03], "cd": [0.71, 0.44, 0.43, 0.36, 0.2, 0.18, 0.2], "err_cd": [0.1, 0.05, 0.06, 0.04, 0.09, 0.04, 0.04]}}